{"EkaM8LQKx/dTuqbXBslFzQ==":"background11-1920x1269.jpg","xAzXVKGVrB1tptRToUwfTg==":"katlyn-giberson-185277-1200x900.jpg","+wzti6Ai9dM0GNNW9/xQDQ==":"quickorder-301139-1200x800.jpg","eRQFjHpQePKr3ciSJbBoag==":"izzie-r-418251-1920x1920.jpg","zWzw9U1WD81M+9hdsIgFKA==":"nathan-dumlao-314124-1920x1280.jpg","on7Tc0umyGzqFi1u1quu5g==":"nathan-dumlao-314125-1920x1280.jpg","Tmj+dbpz0TXkwNbKpFW+uQ==":"redd-angelo-32872-1200x800.jpg","9xhfu7oftGqoVL+mt0Fb2g==":"tim-arterbury-101472-1200x800.jpg","E/WPqbHB8+EaRg3KUsOSYA==":"background2.jpg","K3gstXdXXDj1wQCZAGOZRw==":"mbr-936x936.jpg","hhTGtFhdjJa2BjOweCKymA==":"mbr-1920x1920.png","j5tZLA26wM4E/0acu5n8JQ==":"%C3%90%C2%9B%C3%90%C2%BE%C3%90%C2%B3%C3%90%C2%BEn%CC%83%C2%82%C3%90%C2%B8%C3%90%C2%BF%20500x500%20%20%C3%90%C2%BF%C3%90%C2%B8%C3%90%C2%BAn%CC%83%C2%81-361x361.png","gPq2Pga4OeIJQAcrPidZ8g==":"%C3%90%C2%9B%C3%90%C2%BE%C3%90%C2%B3%C3%90%C2%BEn%CC%83%C2%82%C3%90%C2%B8%C3%90%C2%BF%20500x500%20%20%C3%90%C2%BF%C3%90%C2%B8%C3%90%C2%BAn%CC%83%C2%81-361x361.png","Yz1Pi2oiKjt6eqhPbJgVBw==":"%C3%90%C2%9B%C3%90%C2%BE%C3%90%C2%B3%C3%90%C2%BEn%CC%83%C2%82%C3%90%C2%B8%C3%90%C2%BF%20500x500%20%20%C3%90%C2%BF%C3%90%C2%B8%C3%90%C2%BAn%CC%83%C2%81-2-78x78.png","OJnztceORz3loruIeShctQ==":"%C3%90%C2%9B%C3%90%C2%BE%C3%90%C2%B3%C3%90%C2%BEn%CC%83%C2%82%C3%90%C2%B8%C3%90%C2%BF%20500x500%20%20%C3%90%C2%BF%C3%90%C2%B8%C3%90%C2%BAn%CC%83%C2%81-3-121x121.png","/dCISjzIcPxsk/hfXSy7Ag==":"logo-204x204.png","qsyaei2yV+zK+ZVi7pHFcw==":"1-216x128.jpg","MXNshbN6Z2vY2KVGevpETg==":"b87bb973-216x119.jpg","SqxAWaaHu7dKUHFDNZMFZQ==":"images-10-216x198.jpg","neWRLFhx333sXS11Dy7kzQ==":"images-5-216x139.jpg","NxqgkSMRrkl98dWPmPo9RQ==":"image;s=1000x700.webp","8eJ4dqMgdR1Fj6pN+wjg1g==":"images-8-216x92.jpg","+ZPpjfA8SaBnWRx+GbBf3A==":"images-12-216x162.jpg","SxWI19X02leuW9Fk7+mWmQ==":"img0001-216x216.jpg","tP4MKXGzx6DKUkWXOu+w8g==":"images-9-216x143.jpg","OJFeTghOMdBkKp8R8wj/Lw==":"images-16-216x144.jpg","k+GmmOuyLfuctf2hhsmzqg==":"images-13-216x175.jpg","MxfgajDl8V7Rd0v4G4jXGg==":"images-15-216x142.jpg","xiE+vA50km7wVgCR917iBQ==":"22-240x240.jpg","h9dE70OvQAasr40mzMfiDA==":"nathan-dumlao-314125-1920x1280.jpg","gyMhjdWZsECZtCmOr4t6Bg==":"delicious3.jpg","PV06HboT4qeeUxU9O1/CsA==":"02.jpg","oZ6SuIdIOn/3y6OmMgOtgA==":"delicious2.jpg","OZ5CHdHF2qX4Wxx/bQo7HA==":"delicious1.jpg","bDWxHN7DFDRM2JrHyXvCxQ==":"background6.jpg"}